,alpha
2012-01-30,-1.4684909052275161
2012-01-31,-0.1505789864803674
2012-02-01,-0.8779216601657358
2012-02-02,-0.33462404120746847
2012-02-03,1.842842390060303
2012-02-06,2.3697779915268136
2012-02-07,2.3561987537369706
2012-02-08,2.0555472118022284
2012-02-09,1.470297201482304
2012-02-10,2.989175494061801
2012-02-13,1.0502062226143742
2012-02-14,2.1404821600015036
2012-02-15,1.1986055080759896
2012-02-16,2.206700655845577
2012-02-17,1.8200342766469106
2012-02-21,2.417255410009528
2012-02-22,3.0945784351380468
2012-02-23,3.938754431263885
2012-02-24,3.8936279714342947
2012-02-27,5.51305775763394
2012-02-28,6.148500816001872
2012-02-29,4.004044825141475
2012-03-01,4.584462618949706
2012-03-02,2.2762008800120728
2012-03-05,-0.5826107048877857
2012-03-06,-0.36313673055349155
2012-03-07,2.915959050669878
2012-03-08,4.239574636438684
2012-03-09,3.4769684927965123
2012-03-12,3.5978828819597126
2012-03-13,1.319757468947498
2012-03-14,1.9697663776907524
2012-03-15,3.7068838753593267
2012-03-16,5.619331603981769
2012-03-19,5.552794326106766
2012-03-20,7.275552353998267
2012-03-21,7.730946243867361
2012-03-22,6.8871420427404315
2012-03-23,12.320861261581022
2012-03-26,12.611383683094179
2012-03-27,8.775374073588225
2012-03-28,6.638921053115462
2012-03-29,8.691674241230508
2012-03-30,8.905137873504483
2012-04-02,10.193038631682047
2012-04-03,10.614090119476757
2012-04-04,9.28517613402195
2012-04-05,7.754058175744598
2012-04-09,9.040358127766371
2012-04-10,7.967785827159162
2012-04-11,6.5806826571097545
2012-04-12,10.118859729907829
2012-04-13,8.463982790107668
2012-04-16,8.082253014219138
2012-04-17,8.300894708582971
2012-04-18,8.46392238244337
2012-04-19,7.453270333681774
2012-04-20,3.832066488074895
2012-04-23,6.722291753287811
2012-04-24,10.567834131729038
2012-04-25,11.070622569831409
2012-04-26,14.123860440429699
2012-04-27,12.777849834213445
2012-04-30,12.19963891137488
2012-05-01,13.429463730877298
2012-05-02,13.059411114501247
2012-05-03,10.480362460229292
2012-05-04,8.03478164734116
2012-05-07,6.42324287217072
2012-05-08,4.348866576126222
2012-05-09,10.255159836335928
2012-05-10,6.500113751063705
2012-05-11,4.9475722948766
2012-05-14,3.8837627137838546
2012-05-15,2.7749080871065552
2012-05-16,-1.2924205355998364
2012-05-17,-2.5949956774548144
2012-05-18,-3.0385033608552496
2012-05-21,1.9123044058293428
2012-05-22,-0.046545921449512875
2012-05-23,3.210853606913947
2012-05-24,3.2617306492745373
2012-05-25,4.5454686028568245
2012-05-29,3.612684134425137
2012-05-30,3.1944111444991927
2012-05-31,-0.8589170295096805
2012-06-01,-0.019978256699357332
2012-06-04,-0.8665259531252142
2012-06-05,4.332064924080595
2012-06-06,9.134553951643685
2012-06-07,8.492804127887144
2012-06-08,9.22936573445111
2012-06-11,10.530630676878094
2012-06-12,10.208198600695827
2012-06-13,9.821755725688737
2012-06-14,12.545410130742084
2012-06-15,13.767217541004344
2012-06-18,14.170034045521879
2012-06-19,15.918171812884783
2012-06-20,16.16621559430789
2012-06-21,17.74997101972835
2012-06-22,13.693400548351256
2012-06-25,11.910518064458225
2012-06-26,13.247043283280453
2012-06-27,10.201534132602086
2012-06-28,15.519774394529543
2012-06-29,15.447081385055709
2012-07-02,14.941187303006766
2012-07-03,12.885895540076262
2012-07-05,15.458837730935459
2012-07-06,17.49182100998916
2012-07-09,17.158826079538517
2012-07-10,16.96250482742279
2012-07-11,15.327740585452961
2012-07-12,15.315454071341884
2012-07-13,17.11102966063451
2012-07-16,16.382260587524875
2012-07-17,14.910913188577249
2012-07-18,23.241439660380976
2012-07-19,22.33659873673018
2012-07-20,23.985351366625057
2012-07-23,24.91790819377493
2012-07-24,22.231993461568578
2012-07-25,26.90516083036458
2012-07-26,29.593496029352192
2012-07-27,31.852853246755167
2012-07-30,32.48085746211261
2012-07-31,30.834797329035748
2012-08-01,31.616616917000787
2012-08-02,31.198865497427924
2012-08-03,34.33474444953837
2012-08-06,34.855706654068804
2012-08-07,35.21212781874574
2012-08-08,35.38741099190484
2012-08-09,36.126126501607956
2012-08-10,34.67254040372508
2012-08-13,36.31551516112658
2012-08-14,37.07042395722932
2012-08-15,39.733095154607774
2012-08-16,41.93659333501648
2012-08-17,41.268758316328075
2012-08-20,43.436156935482096
2012-08-21,42.60181185213489
2012-08-22,42.09922940679424
2012-08-23,42.15839846761877
2012-08-24,43.333408646060164
2012-08-27,43.328059398910064
2012-08-28,42.5991567074037
2012-08-29,41.65043033574527
2012-08-30,41.16673259106059
2012-08-31,41.61734366903914
2012-09-04,39.81813360731806
2012-09-05,40.637686858924695
2012-09-06,45.01519743909814
2012-09-07,45.6193494848851
2012-09-10,45.71929660259701
2012-09-11,44.25586346970762
2012-09-12,42.387722161730416
2012-09-13,41.235374978427465
2012-09-14,40.090869968882956
2012-09-17,43.146227589795956
2012-09-18,43.79935056190097
2012-09-19,42.28364185799592
2012-09-20,45.451001810680914
2012-09-21,39.9678328886574
2012-09-24,41.77392322675635
2012-09-25,35.87946602721353
2012-09-26,38.071286790844646
2012-09-27,37.86320451629143
2012-09-28,42.09851882052525
2012-10-01,44.129542615676215
2012-10-02,44.23089076899909
2012-10-03,43.26336844655805
2012-10-04,45.132595160347165
2012-10-05,43.87536307573041
2012-10-08,43.80240754642641
2012-10-09,43.417340873127564
2012-10-10,43.467361503332484
2012-10-11,43.93065663220832
2012-10-12,44.0493041179988
2012-10-15,45.287803484992295
2012-10-16,44.88449634436724
2012-10-17,45.273510297948626
2012-10-18,44.63842897586083
2012-10-19,43.6544629272597
2012-10-22,43.385619670062276
2012-10-23,45.026789738949766
2012-10-24,44.77849390684045
2012-10-25,44.182689794683014
2012-10-26,44.92579670909858
2012-10-31,42.677863932584685
2012-11-01,43.34127410816935
2012-11-02,43.46185630891828
2012-11-05,43.31287299006425
2012-11-06,43.176201401981494
2012-11-07,43.40673991308647
2012-11-08,44.43138048990461
2012-11-09,45.673524103650514
2012-11-12,43.84136647805804
2012-11-13,43.22300551115169
2012-11-14,41.27753450683728
2012-11-15,42.44602502549264
2012-11-16,44.02538116864712
2012-11-19,43.02526722367246
2012-11-20,42.29656542876936
2012-11-21,42.80731487208424
2012-11-23,43.77659215969862
2012-11-26,45.176064895697166
2012-11-27,45.568267850063634
2012-11-28,46.18007232304894
2012-11-29,45.978296563087916
2012-11-30,45.0178999390269
2012-12-03,44.04378196904236
2012-12-04,45.806344914619174
2012-12-05,43.90362277073091
2012-12-06,44.95581355202908
2012-12-07,45.827188562593506
2012-12-10,45.06765617006537
2012-12-11,45.7266146589299
2012-12-12,45.90239203346647
2012-12-13,46.19553943294752
2012-12-14,46.245047315255086
2012-12-17,45.976084183731935
2012-12-18,48.545197096044475
2012-12-19,48.29495384027934
2012-12-20,47.09380285626809
2012-12-21,47.206415743766705
2012-12-24,48.01683257022013
2012-12-26,48.191032726782794
2012-12-27,47.04188972023715
2012-12-28,46.975530136268375
2012-12-31,52.36338695087313
2013-01-02,52.9250269725054
2013-01-03,53.58964735335986
2013-01-04,53.96869482291904
2013-01-07,53.21363930575234
2013-01-08,53.98746962835081
2013-01-09,58.213710819325456
2013-01-10,57.56993935320663
2013-01-11,58.32340044800377
2013-01-14,57.323170846940535
2013-01-15,57.60940041219932
2013-01-16,58.25898158091471
2013-01-17,58.50796998806909
2013-01-18,57.498838142392955
2013-01-22,56.89724702656759
2013-01-23,56.564092802073944
2013-01-24,57.244858374967635
2013-01-25,57.53842931376639
2013-01-28,59.968499230395
2013-01-29,59.40580170519043
2013-01-30,58.0758032155997
2013-01-31,57.89807687713481
2013-02-01,58.18707605740403
2013-02-04,57.05303807142453
2013-02-05,56.79934421183084
2013-02-06,56.93656603154261
2013-02-07,55.40716091510277
2013-02-08,55.61955579759724
2013-02-11,54.49352433791372
2013-02-12,55.05740956439164
2013-02-13,53.69523958548813
2013-02-14,54.036310535176
2013-02-15,54.23595948160007
2013-02-19,53.80952082903002
2013-02-20,48.7234639086224
2013-02-21,50.688384608073534
2013-02-22,53.587794291262384
2013-02-25,47.96862785026146
2013-02-26,47.97926812118468
2013-02-27,48.64045425335978
2013-02-28,47.33587815038328
2013-03-01,47.01795145215936
2013-03-04,48.47274979668297
2013-03-05,48.71446275166296
2013-03-06,50.450300858006095
2013-03-07,50.89170604313169
2013-03-08,49.66938681011139
2013-03-11,49.99883576598509
2013-03-12,50.11115233913173
2013-03-13,47.85616852886405
2013-03-14,48.18583812977565
2013-03-15,45.37342461323261
2013-03-18,45.107497475319356
2013-03-19,44.84075782926172
2013-03-20,44.71291052664574
2013-03-21,44.69860384392467
2013-03-22,44.320852704010406
2013-03-25,42.573063793365144
2013-03-26,40.53892489524634
2013-03-27,42.15195443825925
2013-03-28,42.711748325129584
2013-04-01,42.288043420382664
2013-04-02,41.140632001870706
2013-04-03,40.85577649919283
2013-04-04,39.083309204441974
2013-04-05,41.06234251356545
2013-04-08,44.179349906312126
2013-04-09,46.77613413404132
2013-04-10,48.761631636797524
2013-04-11,48.46391843511747
2013-04-12,47.82943142392784
2013-04-15,46.66650659286064
2013-04-16,43.14024892055343
2013-04-17,41.1755806965253
2013-04-18,43.50058730009199
2013-04-19,44.52892223949732
2013-04-22,46.70337909318908
2013-04-23,48.196263245270124
2013-04-24,49.037113619918436
2013-04-25,48.45275720333948
2013-04-26,49.48364618602424
2013-04-29,49.44172159826787
2013-04-30,49.16240754207019
2013-05-01,51.66624745627649
2013-05-02,53.228070752003276
2013-05-03,55.32005499338363
2013-05-06,55.285876496688054
2013-05-07,56.68488788466115
2013-05-08,56.50411589959811
2013-05-09,57.58913366786403
2013-05-10,57.72528957326207
2013-05-13,57.64203196747566
2013-05-14,58.02558807111343
2013-05-15,56.13380192931407
2013-05-16,58.04122078662689
2013-05-17,56.680597070979694
2013-05-20,57.974665439199974
2013-05-21,59.26972612177245
2013-05-22,59.30733996421511
2013-05-23,61.106528586277086
2013-05-24,61.28133114547215
2013-05-28,60.48602362201513
2013-05-29,62.04552720608905
2013-05-30,60.94630390181462
2013-05-31,58.73707870379192
2013-06-03,60.43005945268013
2013-06-04,58.33145552114525
2013-06-05,58.51541833376073
2013-06-06,61.54186875467988
2013-06-07,63.77689265244514
2013-06-10,62.40503952992661
2013-06-11,63.519496957531175
2013-06-12,62.04394496038644
2013-06-13,65.15538306049318
2013-06-14,65.25283593749182
2013-06-17,64.94840453759394
2013-06-18,65.29400895772703
2013-06-19,62.036345912664544
2013-06-20,60.96329600698997
2013-06-21,60.03369443222521
2013-06-24,60.56996478958332
2013-06-25,60.39630800761371
2013-06-26,60.37170403215879
2013-06-27,58.93991848500383
2013-06-28,63.624037447070165
2013-07-01,62.29285470280262
2013-07-02,61.62945871670676
2013-07-03,62.865797875194794
2013-07-05,63.073239559059566
2013-07-08,65.53599205186202
2013-07-09,65.74970677419368
2013-07-10,69.48961811684055
2013-07-11,70.34538608370363
2013-07-12,71.94664293500558
2013-07-15,70.38165354383196
2013-07-16,68.25761391367946
2013-07-17,66.21634142411654
2013-07-18,66.84407950263032
2013-07-19,68.15790295033112
2013-07-22,67.40928364852195
2013-07-23,67.64588332646183
2013-07-24,72.87107172011989
2013-07-25,71.91213394927892
2013-07-26,69.78121812985408
2013-07-29,68.71768533605756
2013-07-30,68.16381496270736
2013-07-31,70.95557939122908
2013-08-01,69.14945484059983
2013-08-02,68.60421486974496
2013-08-05,66.01361483084143
2013-08-06,64.2550827024119
2013-08-07,65.07706213989074
2013-08-08,64.6665685923713
2013-08-09,65.09246638165072
2013-08-12,65.31458045719995
2013-08-13,64.86091658524913
2013-08-14,64.71746076004467
2013-08-15,64.159114906271
2013-08-16,63.190414685851415
2013-08-19,63.91238754142929
2013-08-20,65.01181306191535
2013-08-21,64.99566519919223
2013-08-22,64.85563291733756
2013-08-23,66.08749847946395
2013-08-26,67.06974617797142
2013-08-27,67.52645195457664
2013-08-28,68.5974829442103
2013-08-29,69.75321770029088
2013-08-30,68.79223768173841
2013-09-03,68.78235510031996
2013-09-04,68.01152300785522
2013-09-05,68.35625735162029
2013-09-06,68.24535470785217
2013-09-09,67.84318346659158
2013-09-10,67.47342208731281
2013-09-11,68.59465408504173
2013-09-12,69.4705246203669
2013-09-13,69.41796923572323
2013-09-16,68.14447193228433
2013-09-17,69.00057008502328
2013-09-18,70.10462180754033
2013-09-19,69.43675518678582
2013-09-20,70.39357108831051
2013-09-23,70.5711476894915
2013-09-24,71.44815072886757
2013-09-25,71.82128739837432
2013-09-26,71.44939316881224
2013-09-27,70.87535334476647
2013-09-30,71.29841103512769
2013-10-01,72.79317237251348
2013-10-02,72.15270182775318
2013-10-03,72.11069329612631
2013-10-04,72.19060802270796
2013-10-07,71.93083462083347
2013-10-08,69.93754501711467
2013-10-09,70.50996909833081
2013-10-10,72.37807690849698
2013-10-11,72.27688584192057
2013-10-14,73.8761403317223
2013-10-15,74.51299354900635
2013-10-16,75.38913480044103
2013-10-17,74.89300318157723
2013-10-18,74.40442555675654
2013-10-21,74.0085322865743
2013-10-22,72.06213786339562
2013-10-23,71.76106020840052
2013-10-24,70.61892310031175
2013-10-25,70.34411602446214
2013-10-28,71.47956718728508
2013-10-29,71.43724260744392
2013-10-30,72.33984167697739
2013-10-31,72.71967709492294
2013-11-01,73.77939889608805
2013-11-04,73.85398577958337
2013-11-05,74.57841171650307
2013-11-06,73.95562771051591
2013-11-07,71.39030703929042
2013-11-08,74.01873113476184
2013-11-11,73.005165965385
2013-11-12,72.87854428732484
2013-11-13,76.53681345763833
2013-11-14,78.05488077575295
2013-11-15,78.78120223770367
2013-11-18,77.74021249000256
2013-11-19,78.2130060732014
2013-11-20,78.16840718709528
2013-11-21,79.97163971291809
2013-11-22,78.59156110185748
2013-11-25,77.36737413753313
2013-11-26,77.85188424030078
2013-11-27,78.38542247711537
2013-11-29,77.72827812119536
2013-12-02,76.84457521417376
2013-12-03,76.86702697655389
2013-12-04,76.64763060784458
2013-12-05,76.45965159336053
2013-12-06,76.74344579117574
2013-12-09,76.64994212834492
2013-12-10,77.71810495831097
2013-12-11,77.44394142412736
2013-12-12,77.90057882698984
2013-12-13,77.4140382559214
2013-12-16,76.99248735427807
2013-12-17,76.78713527224973
2013-12-18,76.98955268721302
2013-12-19,77.13191966977834
2013-12-20,79.45771498088762
2013-12-23,79.9535051704455
2013-12-24,80.47324475598548
2013-12-26,81.02400772601263
2013-12-27,81.59683877019948
2013-12-30,81.9230263435982
2013-12-31,82.32423692853435
2014-01-02,83.12636038242474
2014-01-03,83.47453139834542
2014-01-06,83.55176529778801
2014-01-07,85.49430814436602
2014-01-08,82.92660456010707
2014-01-09,81.3248279697823
2014-01-10,81.71157078874165
2014-01-13,81.67610047203048
2014-01-14,83.91254224823453
2014-01-15,84.1001078610774
2014-01-16,82.87042247775352
2014-01-17,84.0057854370973
2014-01-21,84.36448942064546
2014-01-22,84.76080262977624
2014-01-23,82.38973282756281
2014-01-24,83.14067874078769
2014-01-27,84.58700633693708
2014-01-28,84.68117104913877
2014-01-29,84.47189345821506
2014-01-30,82.66476910446181
2014-01-31,83.61142348959453
2014-02-03,82.34359340113573
2014-02-04,83.66932328661716
2014-02-05,83.08789980630347
2014-02-06,84.8246211067455
2014-02-07,86.86715321424293
2014-02-10,86.84597996729522
2014-02-11,87.40816573737568
2014-02-12,86.57876148683405
2014-02-13,86.79119887233571
2014-02-14,88.91550781331627
2014-02-18,89.3841571547003
2014-02-19,89.75599912538941
2014-02-20,90.81189826983156
2014-02-21,94.90023430816598
2014-02-24,94.33969201407828
2014-02-25,93.45516744285995
2014-02-26,94.85324638847493
2014-02-27,96.25172376707117
2014-02-28,95.82401321697259
2014-03-03,98.3066165047453
2014-03-04,98.77136484590942
2014-03-05,97.74951832924592
2014-03-06,95.70283763701005
2014-03-07,95.15197018334547
2014-03-10,95.25435046374935
2014-03-11,91.32585265807727
2014-03-12,93.21191941160218
2014-03-13,89.00278817821122
2014-03-14,91.4603930955024
2014-03-17,91.94517433540295
2014-03-18,93.0747658221858
2014-03-19,90.42482700703906
2014-03-20,90.63617393594237
2014-03-21,90.54639344379608
2014-03-24,88.55042022552408
2014-03-25,87.69017057297955
2014-03-26,82.45700716108645
2014-03-27,82.68396956306718
2014-03-28,84.10049357018522
2014-03-31,86.2864021101055
2014-04-01,89.9777188132114
2014-04-02,89.8089927024722
2014-04-03,89.50011467077394
2014-04-04,88.06108380210046
2014-04-07,89.6650034650612
2014-04-08,94.6548902419242
2014-04-09,100.49893236182352
2014-04-10,96.3564932418924
2014-04-11,98.44256250524582
2014-04-14,99.06661006706105
2014-04-15,101.13037629445128
2014-04-16,102.60050403616131
2014-04-17,103.20392126925906
2014-04-21,102.87674923615266
2014-04-22,102.68762114765887
2014-04-23,104.98180482841873
2014-04-24,106.16996122581409
2014-04-25,106.11902004141207
2014-04-28,103.2188679482718
2014-04-29,106.14455042797317
2014-04-30,110.59477055339892
2014-05-01,113.13799840424133
2014-05-02,114.39150362513952
2014-05-05,114.0931030455517
2014-05-06,115.32839895384218
2014-05-07,114.16936045950236
2014-05-08,112.80223491269045
2014-05-09,112.81493234651633
2014-05-12,113.88122945491997
2014-05-13,113.76705836996503
2014-05-14,113.99449031496552
2014-05-15,114.29123717013385
2014-05-16,113.8920022025446
2014-05-19,116.74578431524807
2014-05-20,118.23419866533432
2014-05-21,119.09361219843422
2014-05-22,117.66715744747415
2014-05-23,118.03030836991812
2014-05-27,117.54895944589097
2014-05-28,117.74195873569857
2014-05-29,117.77598342974181
2014-05-30,118.82119765940595
2014-06-02,118.70828563568064
2014-06-03,118.64105751781503
2014-06-04,118.72685352638064
2014-06-05,119.93109620396645
2014-06-06,120.05022764192799
2014-06-09,119.69661967425212
2014-06-10,119.87297829974658
2014-06-11,121.10379556023199
2014-06-12,119.39131461858662
2014-06-13,118.28720020031123
2014-06-16,118.89887346214904
2014-06-17,119.74910706181282
2014-06-18,120.53918572495927
2014-06-19,120.05496935930195
2014-06-20,119.95064068980942
2014-06-23,119.89403754085394
2014-06-24,120.88426220265616
2014-06-25,121.78006929852988
2014-06-26,121.93751790372507
2014-06-27,121.32440239879176
2014-06-30,121.38339821214579
2014-07-01,120.9891184194682
2014-07-02,119.96903790643121
2014-07-03,119.34463290970575
2014-07-07,117.22022974350307
2014-07-08,118.73875062786526
2014-07-09,116.88145517458092
2014-07-10,119.6851702613363
2014-07-11,122.03153067222476
2014-07-14,122.62197986235864
2014-07-15,123.82413983573784
2014-07-16,123.25627453571293
2014-07-17,123.1349421123123
2014-07-18,123.79190380082788
2014-07-21,124.30083458072572
2014-07-22,125.54915333913566
2014-07-23,125.28883100886529
2014-07-24,125.14599257062717
2014-07-25,125.45906142914231
2014-07-28,125.86211813348532
2014-07-29,124.92349057350052
2014-07-30,124.21563346721634
2014-07-31,124.28732617152225
2014-08-01,125.22494095936953
2014-08-04,126.10704788486964
2014-08-05,125.83204783291035
2014-08-06,125.445541021
2014-08-07,126.06080176897844
2014-08-08,126.62900963811235
2014-08-11,126.1829322363136
2014-08-12,126.91848436152003
2014-08-13,126.92965690212165
2014-08-14,126.05402499966931
2014-08-15,127.6697418456553
2014-08-18,128.31333832449783
2014-08-19,128.0572357777216
2014-08-20,128.97618059458063
2014-08-21,128.87259467779282
2014-08-22,128.79060847415857
2014-08-25,129.00673932597422
2014-08-26,128.69053498818533
2014-08-27,129.0349270637684
2014-08-28,129.75718201709267
2014-08-29,130.55833579267568
2014-09-02,130.16879442895228
2014-09-03,130.0183336470865
2014-09-04,130.38568421038806
2014-09-05,129.745646738146
2014-09-08,128.30673237765643
2014-09-09,127.26723118129877
2014-09-10,127.20439185839699
2014-09-11,126.66467918282609
2014-09-12,125.07652127981805
2014-09-15,125.52839557795525
2014-09-16,128.49269647256148
2014-09-17,128.16309231417293
2014-09-18,128.23854200338215
2014-09-19,127.21835373545515
2014-09-22,125.40402598915013
2014-09-23,126.21697628506556
2014-09-24,125.48733168429187
2014-09-25,123.79340308485187
2014-09-26,122.14784944443106
2014-09-29,121.27979426225417
2014-09-30,119.52577968675341
2014-10-01,118.46146739033173
2014-10-02,119.90467252137717
2014-10-03,122.56608580345394
2014-10-06,122.5222465614312
2014-10-07,120.77683012403642
2014-10-08,120.63901244291
2014-10-09,116.16972911995263
2014-10-10,114.41193687952284
2014-10-13,111.21575989446072
2014-10-14,107.13798422148967
2014-10-15,110.3342272414884
2014-10-16,118.47001365722701
2014-10-17,119.18087462340787
2014-10-20,120.58386115229239
2014-10-21,118.29620247265953
2014-10-22,119.2023979599683
2014-10-23,119.10034282695828
2014-10-24,116.59169096366439
2014-10-27,115.2055507154017
2014-10-28,121.7415157682315
2014-10-29,119.98601643466725
2014-10-30,119.732896873134
2014-10-31,122.01037016342863
2014-11-03,122.37583172690283
2014-11-04,120.95198995508721
2014-11-05,120.04315013800054
2014-11-06,122.70639572850943
2014-11-07,124.38188156032807
2014-11-10,124.97364912119357
2014-11-11,125.43227898475354
2014-11-12,125.81603833824181
2014-11-13,125.74694997087532
2014-11-14,125.87660870239017
2014-11-17,125.68874480049789
2014-11-18,126.17973781638896
2014-11-19,126.93352600373927
2014-11-20,129.30093374796655
2014-11-21,129.54990937297103
2014-11-24,129.53821661555023
2014-11-25,132.19912306396924
2014-11-26,131.9068044451373
2014-11-28,128.32545668940833
2014-12-01,130.32596049862175
2014-12-02,130.22503972762695
2014-12-03,130.53567257992003
2014-12-04,130.85290825161263
2014-12-05,129.732884800091
2014-12-08,126.69007029570855
2014-12-09,126.67424716936324
2014-12-10,121.13443648489778
2014-12-11,118.31668065088097
2014-12-12,119.58174975128385
2014-12-15,113.92065117223528
2014-12-16,119.81895115121084
2014-12-17,127.2875611719782
2014-12-18,128.3170381540276
2014-12-19,129.68662766635563
2014-12-22,130.4610858435733
2014-12-23,130.93116754186985
2014-12-24,132.98846025104396
2014-12-26,132.3702565890515
2014-12-29,132.5356907992132
2014-12-30,131.81282146000927
2014-12-31,132.18862228439897
2015-01-02,128.86322793922693
2015-01-05,127.83832255652058
2015-01-06,126.969141567374
2015-01-07,126.15082139108857
2015-01-08,125.9813597262896
2015-01-09,123.92348102141395
2015-01-12,124.76651757322583
2015-01-13,123.36069132068587
2015-01-14,125.31513348703574
2015-01-15,121.98603548816368
2015-01-16,125.2556261126889
2015-01-20,124.97326966440225
2015-01-21,127.35509970945935
2015-01-22,131.6052395130397
2015-01-23,131.5107440631475
2015-01-26,132.4229502290146
2015-01-27,132.53626984065392
2015-01-28,130.97443994242732
2015-01-29,129.67486112988806
2015-01-30,132.5775260893123
2015-02-02,135.9803957884004
2015-02-03,134.75370638015923
2015-02-04,135.83737168955483
2015-02-05,136.69971767946245
2015-02-06,135.0095625137545
2015-02-09,134.96122800656607
2015-02-10,133.46448099175794
2015-02-11,134.80155143118157
2015-02-12,137.6377917809528
2015-02-13,139.53124641661267
2015-02-17,138.17707490813186
2015-02-18,142.0451111549716
2015-02-19,141.68049325736396
2015-02-20,141.07560091721226
2015-02-23,141.27500492925202
2015-02-24,142.0181663622604
2015-02-25,143.8601428304128
2015-02-26,143.38529643861273
2015-02-27,142.57723096238576
2015-03-02,142.45135962649098
2015-03-03,144.56499719629358
2015-03-04,145.19464852331646
2015-03-05,143.1374317289922
2015-03-06,141.7429098821869
2015-03-09,139.6666373520604
2015-03-10,138.38065515849897
2015-03-11,139.24270488126808
2015-03-12,135.01556060657757
2015-03-13,135.43011597263177
2015-03-16,136.05396721676416
2015-03-17,136.76792626237082
2015-03-18,139.3684336488206
2015-03-19,139.69729644904965
2015-03-20,142.19674777743927
2015-03-23,141.7723467549453
2015-03-24,141.9808639443555
2015-03-25,141.34416384079913
2015-03-26,144.53810889026906
2015-03-27,145.97693174237654
2015-03-30,146.62992085220844
2015-03-31,147.66196743238743
2015-04-01,149.02741494498687
2015-04-02,149.67950885191803
2015-04-06,150.7103094081733
2015-04-07,151.06835158741438
2015-04-08,154.1301958767331
2015-04-09,153.9282886544118
2015-04-10,153.62599433317197
2015-04-13,154.49341329150963
2015-04-14,156.11813297105527
2015-04-15,154.8899884101198
2015-04-16,152.78705178701964
2015-04-17,154.54115740382605
2015-04-20,156.92850923144127
2015-04-21,157.4611626976945
2015-04-22,159.01554874229043
2015-04-23,160.4189031954634
2015-04-24,161.6349356827916
2015-04-27,161.7900406668647
2015-04-28,160.14795327447428
2015-04-29,160.4891126798328
2015-04-30,159.20321160736907
2015-05-01,160.72185774198874
2015-05-04,159.2062517349721
2015-05-05,159.15073891154208
2015-05-06,159.3154815686236
2015-05-07,161.2037754260582
2015-05-08,159.76693669829223
2015-05-11,158.74505200105176
2015-05-12,161.85285607502757
2015-05-13,161.34148596317357
2015-05-14,161.5666493173706
2015-05-15,161.89198736274963
2015-05-18,161.8310883796986
2015-05-19,161.1256544897317
2015-05-20,161.5868822880111
2015-05-21,161.5461578825644
2015-05-22,161.10220017136118
2015-05-26,158.5342905143465
2015-05-27,158.38051786201365
2015-05-28,158.4604621831825
2015-05-29,158.09920985223684
2015-06-01,158.99889376585585
2015-06-02,160.87396763727557
2015-06-03,158.72241638671008
2015-06-04,157.0489486340489
2015-06-05,158.220645414573
2015-06-08,156.47411977085613
2015-06-09,159.0232366416322
2015-06-10,160.09161471146365
2015-06-11,160.4055111339103
2015-06-12,160.18531811852634
2015-06-15,159.97205216040376
2015-06-16,160.06082324362686
2015-06-17,160.4746253133624
2015-06-18,159.05238456424354
2015-06-19,160.7236670228097
2015-06-22,163.05322913465594
2015-06-23,163.75863969989393
2015-06-24,162.8003990345827
2015-06-25,160.59451844379004
2015-06-26,161.3283931176711
2015-06-29,161.7232513767301
2015-06-30,161.64415125896826
2015-07-01,160.31323981014785
2015-07-02,157.46527897923198
2015-07-06,155.99733140766227
2015-07-07,153.5798203636634
2015-07-08,157.19866386293063
2015-07-09,160.02253077440588
2015-07-10,160.21974906800986
2015-07-13,161.3782286577371
2015-07-14,161.97404778580307
2015-07-15,160.92014966477717
2015-07-16,159.4189848196618
2015-07-17,158.31339786500993
2015-07-20,157.33488561003867
2015-07-21,156.52027390161206
2015-07-22,155.4942009096117
2015-07-23,154.09335834580824
2015-07-24,151.2922142075865
2015-07-27,153.40472970733126
2015-07-28,156.4085484483958
2015-07-29,155.9383797588489
2015-07-30,158.12514482619588
2015-07-31,158.94579950611814
2015-08-03,158.4279322588096
2015-08-04,159.3954731163235
2015-08-05,152.8472226631573
2015-08-06,154.51868783739462
2015-08-07,155.95449102999763
2015-08-10,156.68251614565474
2015-08-11,155.23048606836565
2015-08-12,156.62823737562707
2015-08-13,156.74528597968552
2015-08-14,156.70287639798642
2015-08-17,156.7269634664434
2015-08-18,156.12565740559594
2015-08-19,153.5625503505137
2015-08-20,151.6248281808425
2015-08-21,144.73415011396088
2015-08-24,153.67565668873027
2015-08-25,153.7785603747879
2015-08-26,157.83595122478033
2015-08-27,163.23899354673924
2015-08-28,164.7347551937308
2015-08-31,166.8204809595103
2015-09-01,167.45177022616042
2015-09-02,166.55423675912712
2015-09-03,167.42928438438742
2015-09-04,169.61425939247505
2015-09-08,171.71268618537243
2015-09-09,169.83708130226765
2015-09-10,169.55804160714462
2015-09-11,168.63542137744278
2015-09-14,167.62240434168766
2015-09-15,167.71758284711407
2015-09-16,169.60105324003706
2015-09-17,169.03645842030613
2015-09-18,170.07412961353532
2015-09-21,166.44780449137693
2015-09-22,166.86747219451016
2015-09-23,162.22558065989148
2015-09-24,167.69557188164174
2015-09-25,161.95686085733973
2015-09-28,154.5129333087619
2015-09-29,155.55582385998576
2015-09-30,160.66007689861343
2015-10-01,161.2725009298392
2015-10-02,173.50880925212343
2015-10-05,172.22539368027984
2015-10-06,168.95617853477032
2015-10-07,170.11511777444795
2015-10-08,167.9024823588826
2015-10-09,170.90727282773932
2015-10-12,172.91181284866488
2015-10-13,171.89898187295762
2015-10-14,170.8327157106965
2015-10-15,173.15363893307114
2015-10-16,172.23854608231557
2015-10-19,169.699122338022
2015-10-20,169.91227559129635
2015-10-21,166.4850949044165
2015-10-22,167.461425119104
2015-10-23,167.05017526591365
2015-10-26,165.81646470039794
2015-10-27,163.44276769728606
2015-10-28,162.34215594218125
2015-10-29,160.67535254036449
2015-10-30,159.59442051852753
2015-11-02,159.78423912727501
2015-11-03,159.2519703382738
2015-11-04,160.8951527837933
2015-11-05,159.74864004046304
2015-11-06,161.4913307941667
2015-11-09,162.49767354886708
2015-11-10,163.27773235309738
2015-11-11,157.55000895478705
2015-11-12,154.65179785750937
2015-11-13,154.40561611004236
2015-11-16,158.75512997339166
2015-11-17,158.51875104530347
2015-11-18,162.08551898567947
2015-11-19,165.73191511512596
2015-11-20,164.8825186447857
2015-11-23,166.47260430941012
2015-11-24,167.7726696439733
2015-11-25,168.49711165053958
2015-11-27,166.25964962336363
2015-11-30,168.2982990706804
2015-12-01,169.57334895053384
2015-12-02,169.63323381381048
2015-12-03,164.94014061309244
2015-12-04,160.35366799095348
2015-12-07,152.30961601713594
2015-12-08,157.1274187590121
2015-12-09,158.55136053239582
2015-12-10,156.31879096955475
2015-12-11,153.0912045100598
2015-12-14,152.67937046010366
2015-12-15,153.93806213067023
2015-12-16,156.44830226311893
2015-12-17,152.14343527164704
2015-12-18,151.4702773841319
2015-12-21,150.9753471621661
2015-12-22,156.1150724544529
2015-12-23,159.15227014974312
2015-12-24,160.179501741846
2015-12-28,160.38165692308257
2015-12-29,159.91199155969625
2015-12-30,159.08442700448796
2015-12-31,160.86999239118933
2016-01-04,161.97733976102134
2016-01-05,160.8688095770828
2016-01-06,160.43598069519345
2016-01-07,158.49190933426425
2016-01-08,156.45059420478663
2016-01-11,153.9600815688979
2016-01-12,153.01690881375924
2016-01-13,146.46424914009734
2016-01-14,147.70583358384837
2016-01-15,148.27510804252316
2016-01-19,142.31978868938066
2016-01-20,144.33271005099246
2016-01-21,153.92222311095506
2016-01-22,152.2037974493978
2016-01-25,150.87230710483806
2016-01-26,150.95437657207398
2016-01-27,150.63746079954072
2016-01-28,148.99093985140456
2016-01-29,148.33313078516775
2016-02-01,151.63646192564647
2016-02-02,148.6709269964895
2016-02-03,148.47465220450584
2016-02-04,148.81886882455674
2016-02-05,140.67441744388753
2016-02-08,132.77022308954142
2016-02-09,138.95419380315735
2016-02-10,136.23919590500628
2016-02-11,142.63252575995566
2016-02-12,151.6516984437223
2016-02-16,151.82690504129747
2016-02-17,153.31556213053818
2016-02-18,154.64770141670365
2016-02-19,156.04356526101955
2016-02-22,155.16076816054272
2016-02-23,155.09862729358784
2016-02-24,158.68024397519997
2016-02-25,159.6762332761751
2016-02-26,160.05435972861463
2016-02-29,162.8901892705656
2016-03-01,162.4088186025822
2016-03-02,162.2941487116745
2016-03-03,159.17061888855525
2016-03-04,158.11204103358074
2016-03-07,157.26431391808512
2016-03-08,157.62501636859938
2016-03-09,158.53119039024293
2016-03-10,161.5702164967971
2016-03-11,162.00231334032466
2016-03-14,158.79263680492926
2016-03-15,159.23663134180848
2016-03-16,170.91239942280313
2016-03-17,171.47391231478883
2016-03-18,170.04874438821278
2016-03-21,171.9996126971948
2016-03-22,174.135529270963
2016-03-23,169.2902712682591
2016-03-24,174.9022014917229
2016-03-28,173.40390080635834
2016-03-29,177.8223081673793
2016-03-30,174.58870513767172
2016-03-31,176.78899319456755
2016-04-01,177.57637786253414
2016-04-04,172.05874795149265
2016-04-05,171.97895178049234
2016-04-06,170.44583764081665
2016-04-07,174.4464043304791
2016-04-08,177.7636651828233
2016-04-11,178.87780473931645
2016-04-12,178.2371909392384
2016-04-13,179.22070989239054
2016-04-14,178.85186460916555
2016-04-15,180.3031361891816
2016-04-18,177.0214977235059
2016-04-19,176.8232871390712
2016-04-20,177.4263078975863
2016-04-21,178.74370242414096
2016-04-22,179.87908167023835
2016-04-25,179.44239011285188
2016-04-26,178.27752761505104
2016-04-27,180.8643312619369
2016-04-28,180.16376921986222
2016-04-29,177.82761083422707
2016-05-02,175.97258497431764
2016-05-03,174.39427707557633
2016-05-04,174.11536083540918
2016-05-05,169.94495477213016
2016-05-06,169.2809780661858
2016-05-09,168.65311600057947
2016-05-10,170.73971566023496
2016-05-11,169.78746308436308
2016-05-12,166.64014856494845
2016-05-13,168.3553282886935
2016-05-16,171.0591764062634
2016-05-17,171.20800110227327
2016-05-18,172.26849946990936
2016-05-19,173.68697727665352
2016-05-20,174.60778365682816
2016-05-23,175.69649037723235
2016-05-24,175.58575631989248
2016-05-25,178.87822406188852
2016-05-26,178.62253966151602
2016-05-27,179.39550909491405
2016-05-31,178.99693622904448
2016-06-01,180.2132818597758
2016-06-02,179.56919690644773
2016-06-03,179.6267356550385
2016-06-06,180.72549582082937
2016-06-07,180.2069097882498
2016-06-08,179.7897667307645
2016-06-09,178.48241872352975
2016-06-10,177.89633226594793
2016-06-13,176.88249943892023
2016-06-14,176.1808468480637
2016-06-15,172.836316131231
2016-06-16,179.518151352675
2016-06-17,187.4864865332026
2016-06-20,186.3409639247273
2016-06-21,185.6780601816007
2016-06-22,186.51694647812144
2016-06-23,192.52085676248353
2016-06-24,199.18703748826076
2016-06-27,202.29113346983385
2016-06-28,205.7851952836335
2016-06-29,207.42195764339442
2016-06-30,209.78125581019728
2016-07-01,206.0143246056092
2016-07-05,204.4745079257081
2016-07-06,206.44413379207936
2016-07-07,210.89547532337673
2016-07-08,212.93688596123266
2016-07-11,217.68704471914427
2016-07-12,216.6478424214984
2016-07-13,216.39574312435875
2016-07-14,216.64082005183357
2016-07-15,217.08056535574767
2016-07-18,217.89268794272135
2016-07-19,216.59818729404955
2016-07-20,216.33247944493607
2016-07-21,217.5706787260824
2016-07-22,216.7288219943108
2016-07-25,217.23981819883
2016-07-26,217.7956495119668
2016-07-27,217.9218565808754
2016-07-28,218.9951374380612
2016-07-29,220.6217360208462
2016-08-01,220.12394913859652
2016-08-02,218.27694429551894
2016-08-03,220.68538170824925
2016-08-04,221.77028161193505
2016-08-05,222.52589858035157
2016-08-08,222.45405356013796
2016-08-09,223.11130757061113
2016-08-10,222.41596033353494
2016-08-11,223.33215338364454
2016-08-12,224.06898810121132
2016-08-15,224.87963599543608
2016-08-16,225.95903403672042
2016-08-17,225.82722004263402
2016-08-18,226.59705371701278
2016-08-19,226.5068571959991
2016-08-22,225.88123708892925
2016-08-23,225.3214281216637
2016-08-24,225.92339272294493
2016-08-25,226.23321068520153
2016-08-26,226.69957904334456
2016-08-29,226.73713892433116
2016-08-30,224.54300271635387
2016-08-31,225.34761662899487
2016-09-01,225.69658091132092
2016-09-02,224.21161858470734
2016-09-06,224.6406689982069
2016-09-07,224.3143602422056
2016-09-08,226.5250737773593
2016-09-09,228.67851702874435
2016-09-12,229.75632192833726
2016-09-13,228.17257842826064
2016-09-14,228.59946849781255
2016-09-15,227.2202679272309
2016-09-16,228.16095678176833
2016-09-19,227.09138891935862
2016-09-20,228.4863111449837
2016-09-21,231.19296258495476
2016-09-22,229.4087566309718
2016-09-23,227.90809308536544
2016-09-26,226.1943820212764
2016-09-27,229.03639961675245
2016-09-28,231.13056494358375
2016-09-29,227.4654735119188
2016-09-30,228.75471778603134
2016-10-03,228.19273011170446
2016-10-04,226.57571243344069
2016-10-05,223.91222974592858
2016-10-06,223.69806747998805
2016-10-07,223.705166993927
2016-10-10,223.8138167100085
2016-10-11,222.51130929412238
2016-10-12,219.37289644688047
2016-10-13,221.66992675840163
2016-10-14,220.13077356474105
2016-10-17,221.26239899670173
2016-10-18,223.5336561014659
2016-10-19,225.2030836886961
2016-10-20,226.42960328085107
2016-10-21,224.5417884172812
2016-10-24,223.8715910483494
2016-10-25,224.50767960196964
2016-10-26,225.24685524517517
2016-10-27,223.53988839872832
2016-10-28,223.23752775540842
2016-10-31,223.12985247160705
2016-11-01,223.50432353256403
2016-11-02,223.73586658371167
2016-11-03,221.07331808044773
2016-11-04,225.04222352292254
2016-11-07,223.59653302712846
2016-11-08,225.0089584446975
2016-11-09,222.0706143826656
2016-11-10,216.12466689563635
2016-11-11,213.97253002269284
2016-11-14,216.33506099077636
2016-11-15,218.75005798452298
2016-11-16,220.31292403328172
2016-11-17,220.30459195643007
2016-11-18,219.3463803793276
2016-11-21,219.34888295380355
2016-11-22,218.34317136042233
2016-11-23,220.41472379443456
2016-11-25,219.86137350111628
2016-11-28,220.59200483388904
2016-11-29,222.61689239764382
2016-11-30,227.22837652440492
2016-12-01,229.29388613634455
2016-12-02,229.8042104748482
2016-12-05,230.90874762836367
2016-12-06,230.55323160098897
2016-12-07,229.21087235887487
2016-12-08,230.62293739901278
2016-12-09,231.78691077352394
2016-12-12,231.35916744885648
2016-12-13,230.24638774464827
2016-12-14,230.99371267782857
2016-12-15,231.69548340631658
2016-12-16,231.17955020559594
2016-12-19,232.07412874000588
2016-12-20,233.43199623776198
2016-12-21,232.77335447399784
2016-12-22,232.58827175093663
2016-12-23,232.90434751956636
2016-12-27,233.68725171007628
2016-12-28,233.63409898856122
2016-12-29,233.73183917509638
